{"userName": ["Ujjwal", "Chakri", "Prachit", "Kshitij", "Bipul", "Aaryan", "Himanshu", "Safwan", "Bharat", "Balaji"], "messageCount": [1192, 1172, 6138, 1493, 1122, 2289, 1834, 1782, 1820, 2914], "wordCount": [6405, 6258, 47817, 5780, 13083, 8778, 9912, 11853, 9593, 8427], "userActivity": [[0, 233, 39, 254, 585, 81], [6, 245, 523, 191, 12, 195], [1198, 629, 1576, 1211, 978, 546], [92, 53, 89, 529, 351, 379], [25, 7, 325, 294, 310, 161], [1101, 479, 38, 160, 2, 509], [596, 363, 43, 482, 78, 272], [446, 301, 378, 204, 214, 239], [28, 309, 474, 284, 449, 276], [292, 946, 230, 20, 413, 1013]], "top3Emojis": [[["\\U0001f602", 17], ["\\U0001f940", 13], ["\\U0001f62d", 10]], [["\\U0001f44d", 12], ["\\U0001f602", 9], ["\\U0001f62d", 7]], [["\\U0001f602", 144], ["\\U0001f44d", 112], ["\\U0001f62d", 100]], [["\\U0001f602", 30], ["\\U0001f44d", 14], ["\\U0001f62d", 10]], [["\\U0001f44d", 34], ["\\U0001f602", 28], ["\\U0001f972", 21]], [["\\U0001f62d", 33], ["\\U0001f602", 29], ["\\U0001f480", 20]], [["\\U0001f602", 32], ["\\U0001f44d", 32], ["\\U0001f62d", 16]], [["\\U0001f602", 42], ["\\U0001f44d", 34], ["\\U0001f62d", 29]], [["\\U0001f44d", 24], ["\\U0001f602", 23], ["\\U0001f62d", 20]], [["\\U0001f602", 29], ["\\U0001f62d", 20], ["\\U0001f44d", 14]]], "nightOwl": [["Prachit", 1198], ["Aaryan", 1101], ["Himanshu", 596], ["Safwan", 446], ["Balaji", 292], ["Kshitij", 92], ["Bharat", 28], ["Bipul", 25], ["Chakri", 6], ["Ujjwal", 0]], "ghost": [["Ujjwal", 245], ["Balaji", 355], ["Kshitij", 402], ["Himanshu", 402], ["Bipul", 453], ["Bharat", 453], ["Chakri", 470], ["Safwan", 553], ["Aaryan", 703], ["Prachit", 1047]], "silenceBreaker": [["Prachit", 602], ["Balaji", 301], ["Kshitij", 252], ["Himanshu", 215], ["Aaryan", 213], ["Safwan", 204], ["Ujjwal", 191], ["Bharat", 169], ["Bipul", 125], ["Chakri", 106]], "fastReplier": [["Bipul", 1123.6734693877552], ["Aaryan", 1978.8300835654595], ["Ujjwal", 3042.2368421052633], ["Prachit", 3207.7272727272725], ["Safwan", 3272.059369202226], ["Bharat", 3656.4406779661017], ["Himanshu", 4001.2967581047383], ["Kshitij", 4111.704545454545], ["Chakri", 4126.339285714285], ["Balaji", 6073.295454545455]], "longMessager": [["Prachit", 2422], ["Bipul", 691], ["Safwan", 536], ["Himanshu", 191], ["Bharat", 154], ["Ujjwal", 129], ["Chakri", 122], ["Kshitij", 0], ["Aaryan", 0], ["Balaji", 0]], "emojiUser": [["Prachit", 701], ["Bipul", 184], ["Safwan", 177], ["Himanshu", 148], ["Bharat", 144], ["Aaryan", 138], ["Balaji", 116], ["Kshitij", 86], ["Ujjwal", 85], ["Chakri", 52]], "CAPSer": [["Himanshu", 4], ["Prachit", 2], ["Bharat", 2], ["Bipul", 1], ["Safwan", 1], ["Balaji", 1], ["Ujjwal", 0], ["Chakri", 0], ["Kshitij", 0], ["Aaryan", 0]], "longWorder": [["Prachit", 6986], ["Bipul", 1835], ["Safwan", 1708], ["Himanshu", 1476], ["Bharat", 1417], ["Aaryan", 1306], ["Balaji", 1295], ["Chakri", 897], ["Ujjwal", 888], ["Kshitij", 817]], "top3BusyDay": [["06/06/27", 110], ["05/11/26", 109], ["28/02/27", 108]], "top3ChaoticDay": [["04/11/26", 31], ["18/07/27", 30], ["28/02/27", 27]], "longestSilence": 498300, "medianReplyTime": 420, "top5Words": [[["by", 164], ["syntax", 159], ["game", 158], ["unknown", 156], ["documentation", 156]], [["olympics", 38], ["such", 36], ["based", 36], ["execution", 35], ["powerful", 33]], [["craaazyyy", 32], ["consequence", 32], ["chatgpt", 32], ["well", 31], ["documentation", 31]], [["which", 47], ["game", 45], ["this", 42], ["selected", 41], ["three", 40]], [["institutional", 38], ["freedom", 38], ["while", 37], ["initiatives", 37], ["supported", 36]], [["team", 37], ["drive", 36], ["found", 34], ["wot", 33], ["tell", 33]], [["unesco", 35], ["coordinating", 33], ["park", 32], ["led", 32], ["with", 31]]], "activity": [3784, 3565, 3715, 3629, 3392, 3671]}